{"cameraMode":{"drawMode":0,"name":"Shaded","section":"Shading Mode"},"sceneLighting":false,"audioPlay":false,"sceneViewState":{"m_AlwaysRefresh":true,"showFog":true,"showSkybox":false,"showFlares":true,"showImageEffects":true,"showParticleSystems":true,"showVisualEffectGraphs":true,"m_FxEnabled":true},"in2DMode":false,"pivot":{"x":0.4376295804977417,"y":-0.052243757992982867,"z":0.4376296401023865},"rotation":{"x":0.4106574058532715,"y":-0.14587387442588807,"z":0.06768535822629929,"w":0.8973478674888611},"size":0.9206815361976624,"orthographic":false}