{"cameraMode":{"drawMode":0,"name":"Shaded","section":"Shading Mode"},"sceneLighting":false,"audioPlay":false,"sceneViewState":{"m_AlwaysRefresh":true,"showFog":true,"showSkybox":false,"showFlares":true,"showImageEffects":true,"showParticleSystems":true,"showVisualEffectGraphs":true,"m_FxEnabled":true},"in2DMode":false,"pivot":{"x":0.052797988057136539,"y":1.3939330577850342,"z":-0.34111666679382326},"rotation":{"x":-0.0036639405880123379,"y":-0.9961365461349487,"z":0.07065478712320328,"w":-0.0517386831343174},"size":1.3886830806732178,"orthographic":false}