{"cameraMode":{"drawMode":0,"name":"Shaded","section":"Shading Mode"},"sceneLighting":true,"audioPlay":false,"sceneViewState":{"m_AlwaysRefresh":true,"showFog":true,"showSkybox":true,"showFlares":true,"showImageEffects":true,"showParticleSystems":true,"showVisualEffectGraphs":true,"m_FxEnabled":true},"in2DMode":false,"pivot":{"x":-0.5165915489196777,"y":0.38608282804489138,"z":0.5876414179801941},"rotation":{"x":-0.28510740399360659,"y":-0.3756415843963623,"z":0.12190012633800507,"w":-0.8731690645217896},"size":0.9206815361976624,"orthographic":false}