{"cameraMode":{"drawMode":0,"name":"Shaded","section":"Shading Mode"},"sceneLighting":false,"audioPlay":false,"sceneViewState":{"m_AlwaysRefresh":true,"showFog":true,"showSkybox":false,"showFlares":true,"showImageEffects":true,"showParticleSystems":true,"showVisualEffectGraphs":true,"m_FxEnabled":true},"in2DMode":false,"pivot":{"x":0.6253407001495361,"y":0.798161506652832,"z":0.2923981845378876},"rotation":{"x":0.2950814366340637,"y":0.6059170365333557,"z":-0.25730040669441225,"w":0.6923347115516663},"size":0.5935505628585815,"orthographic":false}