{"cameraMode":{"drawMode":0,"name":"Shaded","section":"Shading Mode"},"sceneLighting":false,"audioPlay":false,"sceneViewState":{"m_AlwaysRefresh":true,"showFog":true,"showSkybox":false,"showFlares":true,"showImageEffects":true,"showParticleSystems":true,"showVisualEffectGraphs":true,"m_FxEnabled":true},"in2DMode":false,"pivot":{"x":-1.2114465236663819,"y":1.4830926656723023,"z":0.22557775676250459},"rotation":{"x":0.28006836771965029,"y":0.6248618364334106,"z":-0.2554209530353546,"w":0.6823561191558838},"size":0.4339901804924011,"orthographic":false}