{"cameraMode":{"drawMode":0,"name":"Shaded","section":"Shading Mode"},"sceneLighting":false,"audioPlay":false,"sceneViewState":{"m_AlwaysRefresh":true,"showFog":true,"showSkybox":false,"showFlares":true,"showImageEffects":true,"showParticleSystems":true,"showVisualEffectGraphs":true,"m_FxEnabled":true},"in2DMode":false,"pivot":{"x":-0.605455756187439,"y":-0.5853487253189087,"z":-0.4596530795097351},"rotation":{"x":-0.043902624398469928,"y":0.9449825286865234,"z":-0.2910853922367096,"w":-0.14252835512161256},"size":1.3886831998825074,"orthographic":false}