{"cameraMode":{"drawMode":0,"name":"Shaded","section":"Shading Mode"},"sceneLighting":false,"audioPlay":false,"sceneViewState":{"m_AlwaysRefresh":true,"showFog":true,"showSkybox":false,"showFlares":true,"showImageEffects":true,"showParticleSystems":true,"showVisualEffectGraphs":true,"m_FxEnabled":true},"in2DMode":false,"pivot":{"x":-0.621627151966095,"y":0.2253369390964508,"z":-0.32057392597198489},"rotation":{"x":-0.22904923558235169,"y":0.2981451451778412,"z":-0.07459519803524018,"w":-0.9234463572502136},"size":0.7534946799278259,"orthographic":false}