{"cameraMode":{"drawMode":0,"name":"Shaded","section":"Shading Mode"},"sceneLighting":false,"audioPlay":false,"sceneViewState":{"m_AlwaysRefresh":true,"showFog":true,"showSkybox":false,"showFlares":true,"showImageEffects":true,"showParticleSystems":true,"showVisualEffectGraphs":true,"m_FxEnabled":true},"in2DMode":false,"pivot":{"x":-0.40689268708229067,"y":1.6548433303833008,"z":1.480125904083252},"rotation":{"x":-0.009779701940715313,"y":-0.9848966598510742,"z":0.05947373807430267,"w":-0.16218788921833039},"size":0.2658081650733948,"orthographic":false}