{"cameraMode":{"drawMode":0,"name":"Shaded","section":"Shading Mode"},"sceneLighting":false,"audioPlay":false,"sceneViewState":{"m_AlwaysRefresh":true,"showFog":true,"showSkybox":false,"showFlares":true,"showImageEffects":true,"showParticleSystems":true,"showVisualEffectGraphs":true,"m_FxEnabled":true},"in2DMode":false,"pivot":{"x":2.5862603187561037,"y":-0.44564583897590639,"z":3.599482774734497},"rotation":{"x":0.07392919808626175,"y":0.33335787057876589,"z":-0.02558550052344799,"w":0.9393985867500305},"size":3.807887315750122,"orthographic":false}