{"cameraMode":{"drawMode":0,"name":"Shaded","section":"Shading Mode"},"sceneLighting":false,"audioPlay":false,"sceneViewState":{"m_AlwaysRefresh":true,"showFog":true,"showSkybox":false,"showFlares":true,"showImageEffects":true,"showParticleSystems":true,"showVisualEffectGraphs":true,"m_FxEnabled":true},"in2DMode":false,"pivot":{"x":4.470348358154297e-8,"y":0.4815661907196045,"z":2.086162567138672e-7},"rotation":{"x":0.344079852104187,"y":-0.00666183652356267,"z":0.0031760274432599546,"w":0.9387726187705994},"size":0.5700128674507141,"orthographic":false}