{"cameraMode":{"drawMode":0,"name":"Shaded","section":"Shading Mode"},"sceneLighting":false,"audioPlay":false,"sceneViewState":{"m_AlwaysRefresh":true,"showFog":true,"showSkybox":false,"showFlares":true,"showImageEffects":true,"showParticleSystems":true,"showVisualEffectGraphs":true,"m_FxEnabled":true},"in2DMode":false,"pivot":{"x":2.9802322387695315e-8,"y":0.574326753616333,"z":-3.8743019104003908e-7},"rotation":{"x":0.30241620540618899,"y":0.5017322897911072,"z":-0.19185006618499757,"w":0.7872362732887268},"size":0.6565629839897156,"orthographic":false}